S,I,R
499.0,1.0,0.0
498.9490418003589,1.0407456141357347,0.010212585505452019
498.8960129159213,1.0831458174210842,0.020841266657709252
498.84082976684374,1.1272673023852753,0.03190293077102713
498.78340540268,1.1731794433787324,0.0434151539413919
498.7236494069979,1.2209543717534683,0.05539622124873708
498.66146778296104,1.270667066161084,0.06786515087792742
498.5967627785789,1.3223954906790873,0.08084173074207701
498.5294328041197,1.3762206599740292,0.09434653590630343
498.45937223025885,1.4322267984926844,0.10840097124851517
498.3864712038314,1.4905014858630643,0.12302731030562693
498.3106155672826,1.5511357200482212,0.1382487126692168
498.2316866550226,1.6142240779386918,0.15408926703874004
498.14956112111014,1.679864850681184,0.17057402820872158
498.06411077042264,1.7481601765855597,0.1877290529918692
497.97520236491107,1.8192161931375583,0.2055814419514316
497.8826974452688,1.893143177053716,0.2241593776775848
497.7864521284193,1.9700557029535546,0.24349216862721346
497.686316898448,2.0500728069379814,0.263610294614091
497.582136416887,2.1333181354526283,0.2845454476604155
497.4737493261919,2.2199200993287005,0.3063305744794668
497.3609879748366,2.310012087200046,0.3289999379634524
497.243678199089,2.403732636145432,0.35258916476564645
497.121639094501,2.501225610135497,0.37713529536355017
496.9946827931337,2.6026403728462975,0.402676834020083
496.86261419807823,2.7081319941357562,0.42925380778611094
496.7252307060933,2.8178614655871406,0.4569078283196335
496.5823219629141,2.931995889080672,0.48568214800532916
496.4336695858429,3.0507086917393362,0.5156217224178757
496.2790468751248,3.174179849554289,0.5467732753209693
496.1182185220206,3.3025961109402466,0.5791853670392568
495.9509403115924,3.436151225775952,0.6129084626317306
495.7769588199955,3.5750461788991434,0.647995001105357
495.5960110974155,3.7194894310585984,0.6844994715259027
495.40782434617273,3.8696971652818535,0.7224784885454297
495.21211559184985,4.025893539212845,0.7619908689372963
495.00859134435103,4.188310940322506,0.8030977153264959
494.79694725209555,4.357190248519105,0.8458624993853621
494.57686774867545,4.532781105242814,0.8903511460817074
494.34802569475204,4.71534217982912,0.9366321254188215
494.11008200947185,4.905141446754659,0.9847765437734608
493.86268529191204,5.102456472091361,1.0348582359965885
493.60547143923264,5.307574697472918,1.0869538632944113
493.3380632733242,5.520793710199741,1.1411430164760057
493.0600701390632,5.742421543087389,1.1975083178493833
492.7710874990119,5.972776974099595,1.2561355268884773
492.4706965325008,6.212189817205011,1.317113650294187
492.1584637517403,6.461001199476189,1.3805350487834793
491.83394057081404,6.719563872483425,1.4464955567025397
491.4966628892246,6.988242510141344,1.5150946006340953
491.1461506822979,7.267413998397263,1.5864353193048286
490.78190761702103,7.557467700660017,1.6606246823189008
490.4034206027727,7.85880577479553,1.73777362243174
490.01015938037483,8.171843455053468,1.8179971645716537
489.60157612370665,8.497009319424517,1.9014145568688037
489.17710507063714,8.8347455274135,1.9881494019493302
488.73616207410737,9.185508125958414,2.078329799934182
488.2781442199045,9.549767292300087,2.1720884877953583
487.8024294694467,9.928007550715039,2.2695629798383186
487.30837631969575,10.32072797026456,2.3708957100397106
486.7953233908521,10.728442424261603,2.4762341848863043
486.2625891011511,11.15167976736158,2.5857311314873623
485.709471395346,11.590983961098205,2.6995446435558246
485.1352474522317,12.046914214156041,2.817838333612282
484.5391733604472,12.520045146888263,2.9407814926645734
483.92048388971807,13.01096686654309,3.068549243738872
483.27839235570593,13.520284955671896,3.201322688622219
482.61209041034897,14.048620521621267,3.339289068029779
481.9207478687191,14.59661020910079,3.4826419221801213
481.2035126326927,15.164906122657014,3.6315812446502904
480.45951074909624,15.754175627035739,3.7863136238680806
479.68784634040514,16.365101252783067,3.947052406811841
478.8876016553497,16.99838049188331,4.114017852766971
478.05783721973694,17.654725500765647,4.287437279497434
477.1975921513093,18.334862656682162,4.467545192008532
476.3058843132363,19.039532244625452,4.654583442138275
475.3817106729025,19.769487961783476,4.8488013653140625
474.42404777168815,20.52549632074826,5.050455907563593
473.43185236369794,21.30833590319403,5.2598117331080605
472.4040619048,22.118796727863437,5.477141367336583
471.3395953119237,22.95767938416003,5.7027253039163055
470.23735385566994,23.825794047188136,5.936852097141972
469.09622219673435,24.72395936437587,6.17981843888983
467.91506935013877,25.653001383506062,6.431929266355226
466.69274994041746,26.61375223502615,6.693497824556455
465.42810561995526,27.607048675714225,6.964845704330597
464.11996659311814,28.633730528909425,7.246302877972501
462.76715320500364,29.69463904889916,7.538207746097283
461.36847778756277,30.790615074429223,7.84090713800812
459.92274667664617,31.922497048489184,8.154756274864752
458.4287623606298,33.091118893774706,8.480118745595634
456.8853258028208,34.297307730953385,8.817366466225906
455.2912389702494,35.541881433987086,9.16687959576362
453.64530748238,36.8256461124478,9.529046405172306
451.9463435480039,38.14939328607179,9.90426316592443
450.19316907297275,39.51389693072379,10.292933996303578
448.3846189266147,40.91991040635329,10.695470667032142
446.51954421869186,42.36816342359565,11.1122923577126
444.59681616906846,43.85935840723362,11.543825423697992
442.61532998093014,45.39416691375956,11.990503105310392
440.5740088164324,46.97322598538664,12.452765198181108
438.4718076760456,48.597134644523656,12.931057679430904
436.3077182567874,50.26644942798573,13.425832315227046
434.0807734829303,51.98168030408723,13.937546212982632
431.79005202993085,53.74328663261968,14.466661337449661
429.4346827854062,55.55167322745023,15.01364398714372
427.0138505593206,57.40718523074579,15.57896420993378
424.52680107526504,59.310103740263166,16.16309518447199
421.9728457069278,61.26064171624123,16.766512576831143
419.3513665307022,63.25893962847197,17.38969384082599
416.66182244361363,65.30506012792512,18.033117428461427
413.9037543362607,67.39898366959693,18.697261994142444
411.07678977511773,69.54060463296653,19.38260559191586
408.180648268906,71.72972694496909,20.089624786125015
405.2151468734094,73.9660594367691,20.818793689821582
402.18020509502713,76.24921189337933,21.570583011593687
399.07584988671647,78.57869106548924,22.345459047794424
395.9022204804206,80.95389691448698,23.143882605092543
392.65957281586253,83.37411925618433,23.966307927953263
389.34828317151266,85.83853519286261,24.81318163562483
385.9688528075486,88.34620569425114,25.68494149820036
382.5219113525237,90.89607336903791,26.58201527843844
379.0082198084705,93.48696059146121,27.50481960006834
375.42867345530925,96.11756787344619,28.453758671244625
371.78430412205176,98.78647282156328,29.42922305638504
368.0762818050777,101.49212969682515,30.431588498097213
364.3059159401986,104.23286942016526,31.461214639636253
360.47465602546293,107.00690020621643,32.518443768320694
356.5840916613758,109.81230868354695,33.603599655077346
352.6359518707101,112.64706179592359,34.71698633336639
348.63210368185577,115.50900945103648,35.85888686710786
344.5745503351902,118.39588743603318,37.029562228776655
340.46542874551363,121.30532106099203,38.229250193494416
336.30700567296515,124.23483011808203,39.458164208952915
332.10167386679336,127.18183375210643,40.71649238110024
327.8519478155851,130.14365565787875,42.00439652653616
323.56045747049654,133.11753131849812,43.32201121100537
319.22994228170467,136.1006148105492,44.669442907746145
314.86324534236684,139.08998542983645,46.04676922779675
310.4633050135255,142.0826567741945,47.45403821228003
306.03314694764305,145.07558533408329,48.89126771827375
301.57587668904443,148.06567844248602,50.3584448684696
297.09466991494736,151.04980445241412,51.855525632638546
292.59276271433674,154.0248027873806,53.38243449828273
288.07344281311185,156.9874930054007,54.93906418148748
283.54003922838905,159.93468526968314,56.52527550192781
278.99591130648633,162.8631913093229,58.14089738419079
274.44443893160775,165.76983419895643,59.78572686943586
269.8890122550323,168.65145848576967,61.459529259198064
265.33302021825983,171.50494130586299,63.16203847587718
260.77984039456913,174.327202213064,64.89295739236688
256.2328290624396,177.11521271307893,66.65195822448149
251.69531022818256,179.86600653603708,68.43868323578037
247.17056580671542,182.57668881732553,70.25274537595904
242.66182618967048,185.24444488688292,72.09372892344662
238.17226069419263,187.86654884039032,73.96119046541703
233.70496872551024,190.4403714527959,75.85465982169389
229.26297115296296,192.96338793613907,77.77364091089795
224.8492026839165,195.4331843515118,79.71761296457171
220.46650469415727,197.8474635920046,81.68603171383813
216.11761826007628,200.20405121679815,83.67833052312557
211.8051772316693,202.50090132631018,85.69392144202055
207.53170416416575,204.736099035952,87.73219679988226
203.29960546629113,206.9078640505674,89.79253048314149
199.11116592229578,209.01455488334784,91.87427919435639
194.96854556328861,211.05467057086514,93.97678386584624
190.8737782298959,213.02685060602948,96.09937116407463
186.828769092827,214.92987603070344,98.24135487646956
182.8352909562196,216.7626718009618,100.40203724281855
178.89498563327305,218.52430390816895,102.580710458558
175.009363939577,220.21397797802928,104.7766580823937
171.17980521551542,221.8310383597152,106.98915642476938
167.40755673323054,223.3749673405924,109.21747592617704
163.69373766929598,224.84537983396262,111.46088249674138
160.03934051715245,226.24202065421576,113.71863882863175
156.44523197500374,227.56476228413425,115.99000574086199
152.9121562521915,228.81360034600814,118.27424340180032
149.44073916142366,229.98864835061943,120.57061248795691
146.03149116913477,231.0901334695608,122.87837536130436
142.68480995553625,232.11839273624176,125.19679730822192
139.4009856203781,233.07386691088468,127.52514746873716
136.1802048270512,233.95709532966114,129.8626998432876
133.02255489880633,234.76871078421104,132.20873431698257
129.92802803718115,235.50943431377175,134.56253764904707
126.89652648196649,236.18006936300205,136.92340415503142
123.92786702388966,236.78149644028198,139.29063653582833
121.02178579977935,237.31466744723716,141.66354675298345
118.17794300641745,237.78060035043768,144.04145664314484
115.39592757784281,238.18037394146393,146.42369848069322
112.67526193242297,238.5151224749001,148.80961559267686
110.01540710035206,238.7860298800726,151.19856301957526
107.41576675299586,238.99432540986786,153.5899078371362
104.8756916844689,239.14127872464164,155.98302959088937
102.39448454885571,239.22819472012057,158.37732073102364
99.97140441061791,239.25640860201597,160.772186987366
97.60567012441695,239.22728233367604,163.16704754190692
95.29646447828105,239.14220022297704,165.56133529874182
93.04293876307493,239.0025640797848,167.95449715714017
90.84421596826391,238.80978990724137,170.34599412449464
88.6993940223279,238.56530456362088,172.73530141405112
86.60754935364153,238.2705420958263,175.12190855053208
84.56774077848434,237.92693975163817,177.5053194698774
82.57901166301048,237.53593585025627,179.88505248673317
80.64039286878787,237.09896683540347,182.26064029580857
78.75090581918843,236.61746422909962,184.6316299517119
76.90956517021282,236.09285201551847,186.99758281426867
75.11538061472365,235.52654493941304,189.35807444586325
73.36735924501113,234.91994624262927,191.71269451235955
71.66450806463469,234.27444527669542,194.06104665866982
70.0058355496152,233.59141608681998,196.40274836356477
68.39035330383614,232.87221591674327,198.73743077942055
66.8170778008578,232.11818364514684,201.0647385539953
65.28503215910212,231.33063821175168,203.38432962914615
63.793247128984035,230.5108778173662,205.6958750536497
62.340762397350076,229.66017883366996,207.9990587689799
60.92662784504788,228.77979478296658,210.29357737198546
59.54990457050374,227.8709555470061,212.5791398824901
58.209665652753756,226.93486682548365,214.85546752176253
56.90499700913378,225.97270952782677,217.12229346303937
55.63499819940561,224.98563924453094,219.37936255606337
54.39878297894582,223.9747859263984,221.62643109465571
53.19547983604898,222.9412536004315,223.86326656351943
52.024232473458355,221.8861201571894,226.08964736935218
50.88420021639,220.81043722561049,228.30536255799944
49.774558324263865,219.7152300928832,230.51021158285286
48.694498264877836,218.601497698344,232.70400403677812
47.643227897950204,217.47021273158293,234.8865593704668
46.61997163344167,216.3223217328537,237.05770663370458
45.6239705597405,215.15874520873592,239.2172842315235
44.654482492164625,213.98037784942335,241.36513965841198
43.71078190948904,212.78808887838557,243.50112921212533
42.792160030285864,211.58272219412203,245.62511777559203
41.897924763822736,210.36509666847047,247.73697856770673
41.02740063791889,209.13600646229048,249.83659289979056
40.17992855787615,207.89622154974077,251.923849892383
39.35486559059991,206.6464881983023,253.9986462110977
38.55158505534193,205.3875290367162,256.0608859079418
37.769476258026856,204.120043580075,258.11048016189807
37.00794429273048,202.84470865553072,260.1473470517387
36.266409574195016,201.56217914594563,262.1714112798592
35.544307849300985,200.2730881461792,264.18260400451976
34.841089965975804,198.97804740612514,266.180862627899
34.156221603474485,197.67764781390508,268.1661305826203
33.48918290716595,196.37245998525503,270.13835710757894
32.839468092241276,195.0630348838095,272.09749702394913
32.20658544731407,193.74990396082285,274.04351059186297
31.59005696295675,192.43357973482193,275.9763633022212
30.989418052772084,191.1145562557505,277.89602569147735
30.404217061388387,189.7933098097061,279.80247312890543
29.834015145834613,188.47029918814295,281.69568566602237
29.278386017572174,187.14596611309517,283.57564786933256
28.736915627122205,185.8207357241146,285.44234864876313
28.209201819589993,184.49501709243486,287.2957810879751
27.694853933139527,183.16920379504325,289.13594227181716
27.193492712939314,181.8436741292039,290.9628331578567
26.704749965726492,180.51879161508973,292.7764584191837
26.228268282341514,179.19490541789193,294.5768262997665
25.763700635804536,177.8723509050322,296.3639484591632
25.31071019175301,176.5514499625181,298.1378398457288
24.86897007397404,175.23251135786708,299.8985185681588
24.43816307534354,173.91583116055313,301.6460057641033
24.017981371092073,172.60169315556084,303.380325473347
23.60812618315544,171.29036930676835,305.1015045100761
23.2083076446538,169.98211999911683,306.8095723562293
22.81824451850724,168.67719443638498,308.5045610451077
22.437663955285007,167.37583099312462,310.18650505159025
22.06630119295955,166.07825762569502,311.8554411813453
21.70389935598107,164.78469217380197,313.51140847021685
21.350209256299532,163.49534265702957,315.1544480866708
21.00498915533443,162.2104076104176,316.78460323424787
20.66800453740997,160.9300764045983,318.4019190579917
20.339027853665222,159.65452959383236,320.00644255250234
20.017838373389885,158.38393914942023,321.59822247718984
19.704221967601704,157.11846876101063,323.1773092713876
19.397970911903187,155.85827411525023,324.74375497284655
19.09888366845968,154.60350319262565,326.2976131389146
18.80676470761879,153.35429652180545,327.8389387705757
18.521424344585117,152.1107874162972,329.3677882391176
18.242678554018585,150.87310223085484,330.8842192151265
17.970348795474816,149.64136060436087,332.3882906001642
17.70426182603301,148.4156757123294,333.8800624616375
17.444249562206558,147.19615446994115,335.3595959678522
17.19014891720538,145.98289775614472,336.8269533266498
16.941801646937293,144.77600062709038,338.2821977259722
16.699054192196183,143.57555253003733,339.7253932777664
16.46175753453881,142.38163750280157,341.1566049626595
16.22976706508972,141.19433435948804,342.5758985754221
16.00294244444939,140.0137168814973,343.9833406740532
15.781147470104997,138.83985399949648,345.3789985303984
15.564249941405501,137.67280997415577,346.76294008443864
15.352121542834848,136.5126445611286,348.1352338960364
15.144637722457913,135.35941317667368,349.4959491008683
14.941677574628834,134.21316705760654,350.8451553677645
14.743123724275998,133.07395341631283,352.18292285941106
14.548862217040082,131.94181559014106,353.50932219281873
14.358782416745727,130.81679318491592,354.82442439833824
14.172776900860413,129.69892221517912,356.1283008839603
13.990741361008217,128.58823523942053,357.42102339957114
13.812574506250115,127.48476149077324,358.7026640029765
13.63817796363834,126.3885270014688,359.9732950348928
13.467456193167493,125.2995547271424,361.23298907969
13.30031640004942,124.2178646652918,362.4818189346587
13.136668448351177,123.14347396947169,363.71985758217704
12.976424778427804,122.07639706024915,364.94717816132294
12.81950032806178,121.01664572916147,366.16385394277665
12.665812457745616,119.96422923422662,367.36995830802766
12.515280871396497,118.91915441302838,368.565564715575
12.36782754526504,117.8814257749125,369.7507466798223
12.223376657720316,116.85104559413176,370.9255777481478
12.081854521024429,115.82801400047748,372.090131478498
11.943189520400496,114.81232905633651,373.24448142326287
11.807312048756486,113.80398684397977,374.3887011072636
11.674154440857253,112.80298155525982,375.52286400388283
11.543650915777471,111.8093055655621,376.6470435186603
11.415737518795172,110.82294951008262,377.7613129711221
11.290352066001729,109.8439023560714,378.86574557792676
11.167434098685808,108.87215145931214,379.96041444200193
11.0469248212407,107.90768264839315,381.04539253036603
10.928767051370448,106.95048028899294,382.12075265963654
10.812905172023655,106.00052734571095,383.1865674822653
10.699285083455301,105.05780544408307,384.2429094724615
10.587854160517189,104.12229492464357,385.2898509148392
10.478561213145401,103.19397489221757,386.32746389463694
10.371356432494075,102.27282328801623,387.3558202794896
10.266191353144805,101.35881693670595,388.3749917101492
10.163018812585591,100.45193159799723,389.38504958941706
10.061792911777374,99.55214201675366,390.38606507146886
9.962468984523147,98.65942196005513,391.37810905542165
9.86500355638899,97.77374427002891,392.361252173582
9.769354305596078,96.89508091385358,393.33556478055027
9.675480031011919,96.02340302325558,394.3011169457324
9.583340618551881,95.15868093650145,395.25797844494656
9.492897009865919,94.30088423711699,396.20621875301697
9.404111178266486,93.44998178204163,397.1459070396918
9.316946089336797,92.60594175239989,398.0771121582632
9.2313656733401,91.76873168699619,398.9999026396636
9.147334797555942,90.93831851599592,399.914346686448
9.064819238505919,90.11466859484561,400.82051216664837
8.98378565912253,89.29774773111747,401.7184666097599
8.904201585134505,88.48752121253615,402.60827720232925
8.826035371801945,87.6839538489739,403.49001077922406
8.74925618338131,86.88700999613727,404.36373382048134
8.673833969582907,86.0966535836403,405.22951244677665
8.599739442639333,85.31284814224473,406.0874124151158
8.52694405509358,84.53555683010924,406.9374991147971
8.455419985623754,83.76474244753241,407.77983756684375
8.385140114393524,83.00036746678899,408.6144924188174
8.316077999342228,82.24239406065638,409.4415279400013
8.248207860038516,81.49078412011043,410.261008019851
8.181504559362741,80.7454992751791,411.0729961654581
8.115943585885034,80.0065009148327,411.8775554992822
8.051501036106908,79.27375020715293,412.6747487567401
7.988153588247888,78.54720813221071,413.4646382795413
7.925878496304349,77.82683548472296,414.2472860189726
7.864653573813756,77.11259289216551,415.02275353402064
7.804457176852238,76.40444083410318,415.7911019890445
7.745268189423375,75.70233965801735,416.5523921525592
7.687066009427832,75.00624959433604,417.30668439623605
7.629830532770477,74.31613077417468,418.05403869305474
7.573542131540144,73.6319432556245,418.79451461283526
7.51818165386456,72.95364701894692,419.52817132718843
7.463730407388762,72.28120198532038,420.25506760729075
7.410170146286514,71.61456803054628,420.9752618231671
7.357483059461728,70.95370499707786,421.68881194346034
7.305651759196596,70.29857270543891,422.3957755353644
7.254659266539948,69.64913097052646,423.0962097629335
7.204488997515589,69.00533961674847,423.7901713857358
7.155124760827915,68.3671584761657,424.47771676300624
7.1065507438579285,67.73454740404318,425.1589018520988
7.058751502543352,67.10746628869178,425.8337822087647
7.011711951657445,66.48587506076683,426.5024129875756
6.965417355390484,65.86973370216589,427.1648489424435
6.919853316677609,65.25900225689807,427.82114442642415
6.875005768981108,64.65364083827069,428.4713533927481
6.830860968654075,64.0536096352487,429.1155293960971
6.787405485852479,63.458868921085674,429.7537255930617
6.744626196379988,62.86937906059095,430.3859947430289
6.702510273786808,62.28510051706747,431.01238920914557
6.661045181622404,61.70599385903568,431.6329609593418
6.620218664635396,61.13201976811752,432.247761567247
6.580018742861354,60.563139043599584,432.8568422135389
6.540433704580224,59.99931260824696,433.46025368717267
6.501452099182476,59.44050151418704,434.05804638663034
6.4630627305240145,58.88666694820434,434.65027032127153
6.425254650484899,58.33777023677132,435.23697511274366
6.388017152495313,57.7937728512067,435.81820999629787
6.351339764484287,57.25463641386433,436.3940238216513
6.315212244323457,56.72032270025039,436.96446505542605
6.27962457368089,56.190793643850526,437.5295817824684
6.2445669523251,55.66601134027883,438.08942170739596
6.210029792690834,55.1459380510606,438.64403215624844
6.176003714608905,54.630536207210646,439.1934600781803
6.14247953980412,54.11976841309329,439.73775204710245
6.109448286483016,53.61359745017011,440.2769542633467
6.076901165480825,53.11198627883344,440.81111255568555
6.044829575105509,52.61489804183697,441.34027238305737
6.013225096527602,52.122296067056055,441.8644788364162
5.982079489319114,51.63414387006482,442.3837766406159
5.951384687122416,51.15040515655446,442.89821015632293
5.921132792692429,50.67104382577577,443.4078233815316
5.8913160741674915,50.196023972103475,443.91265995372885
5.861926961684799,49.72530988610521,444.41276315220983
5.832958043100601,49.25886605705301,444.90817589984624
5.8044020602312925,48.796657174662755,445.3989407651058
5.7762519052093575,48.33864813069592,445.88509996409454
5.74850061695291,47.884804020425605,446.36669536262133
5.721141377747801,47.43509014396796,446.84376847828406
5.6941675092124635,46.98947200854332,447.316360482244
5.667572466987432,46.54791533262672,447.7845122003857
5.641349841267865,46.11038604160616,448.2482641171258
5.615493352408713,45.6768502706561,448.707656376935
5.589996847703017,45.247274365929066,449.1627287863677
5.56485429843734,44.82162488537204,449.61352081619043
5.54005979703502,44.399868599443515,450.0600716035213
5.515607554286313,43.98197249173272,450.5024199539808
5.4914918966124455,43.56790375955089,450.9406043438365
5.4677072617589575,43.15762981661929,451.3746629216216
5.444248197756445,42.751118291448435,451.804633510795
5.421109360813176,42.34833702714856,452.23055361203814
5.398285512310876,41.9492540824445,452.6524604052445
5.375771516422877,41.55383773188356,453.0703907516934
5.353562337801798,41.16205646596829,453.4843811962298
5.331653039336048,40.773878991214985,453.89446796944884
5.310038779974551,40.38927423013865,454.30068698988663
5.288714811932913,40.00821132218481,454.7030738658822
5.267676477868916,39.6306596247344,455.1016638973966
5.246919210875244,39.25658870994925,455.49649207917537
5.226438531603669,38.88596836590764,455.8875931024886
5.206230046285309,38.51876859643528,456.2750013572793
5.186289444842508,38.15495962082672,456.65875093433067
5.166612499054065,37.79451187351439,457.0388756274314
5.147195060773196,37.437396003685706,457.415408935541
5.1280330601095105,37.08358287497146,457.7883840649189
5.109122502742428,36.73304356636071,458.15783393089674
5.090459469455789,36.38574937005427,458.5237911604898
5.072040114404591,36.041671791098786,458.8862880944965
5.053860663321562,35.70078254712516,459.2453567895531
5.035917411973663,35.36305356776103,459.6010290202652
5.018206724660945,35.028456994005104,459.9533362813338
5.000725032757322,34.696965177563996,460.30230978967853
4.983468833292819,34.36855068015205,460.647980486555
4.966434687056403,34.0431862734694,460.9903790394741
4.949619217219158,33.72084493848516,461.32953584429555
4.933019108804037,33.401499863577165,461.6654810276187
4.91663110695639,33.085124444338625,461.99824444870484
4.900452015674133,32.77169228277267,462.32785570155306
4.884478696572664,32.46117718645842,462.6543441169688
4.868708067682926,32.153553167690674,462.9777387646262
4.853137102282183,31.84879444259357,463.2980684551241
4.837762827651493,31.546875430371493,463.6153617419769
4.822582323425276,31.247770753212677,463.92964692336193
4.807592721299616,30.951455234122854,464.2409520445774
4.792791203752146,30.65790389630582,464.54930489994194
4.7781750029248755,30.367091962316447,464.85473303475857
4.763741399604619,30.078994853086634,465.1572637473086
4.749487722229847,29.793588186933864,465.4569240908362
4.735411345923623,29.51084777855254,465.7537408755237
4.721509691549558,29.23074963799228,466.04774067045804
4.707780224417683,28.95326997011713,466.33894980546506
4.694220453611691,28.67838517325886,466.62739437312933
4.680827931338345,28.406071837857926,466.9131002308036
4.667600251884393,28.136306745641367,467.19609300247413
4.654535050771451,27.869066868555233,467.4763980806732
4.64163000393206,27.604329367685764,467.7540406283821
4.628882826906623,27.342071592169496,468.02904558092376
4.616291274060974,27.08227107809254,468.30143764784634
4.603853137722395,26.82490554753624,468.5712413147412
4.59156624719676,26.569952907826607,468.83848084497646
4.579428468489746,26.317391249719652,469.10318028179046
4.5674377034197065,26.067198846544084,469.36536345003606
4.5555918888959335,25.819354153109412,469.6250539579945
4.543888996232639,25.573835804578945,469.88227519918826
4.532327030479768,25.33062261533674,470.1370503541833
4.520904029770406,25.08969357784867,470.38940239238076
4.5096180646689135,24.851027861539396,470.63935407379154
4.498467237192158,24.61460481213783,470.8869279506699
4.487449680603709,24.380403949971328,471.1321463694248
4.476563558849733,24.148404968771548,471.37503147237857
4.465807065863045,23.918587734678876,471.61560519945795
4.455178424995026,23.690932285086557,471.85388928991824
4.444675888462117,23.46541882748088,472.08990528405684
4.434297736806808,23.242027738277493,472.32367452491553
4.424042278373052,23.02073956165368,472.5552181599731
4.4139078487960495,22.801535008376714,472.7845571428271
4.403892810506399,22.584394954628053,473.0117122348654
4.393995552057847,22.36930044109647,473.2367040068455
4.384214486644937,22.156232673247498,473.4595528401074
4.3745480532794465,21.945173017801462,473.68027892891894
4.3649947158793125,21.736103002216883,473.89890228190364
4.355552962652673,21.529004313767075,474.1154427235801
4.3462213056514045,21.323858798389704,474.3299198959587
4.336998280335698,21.120648459536174,474.542353260128
4.327882445149595,20.91935545702071,474.75276209782953
4.318872381107437,20.719962105869232,474.96116551302316
4.309966691391169,20.522450875167813,475.1675824334408
4.301164000958506,20.32680438691075,475.37203161213057
4.2924629558646545,20.13300541527811,475.5745316288571
4.283862222508111,19.941036886038138,475.7751008914536
4.275360488319974,19.75088187387623,475.9737576378036
4.266956460930086,19.56252360194224,476.1705199371275
4.2586488677782555,19.375945440768497,476.3654056914531
4.250436455761932,19.19113090714966,476.55843263708823
4.242317990892399,19.008063663024632,476.7496183460828
4.234292257959455,18.82672751436048,476.9389802276799
4.226358060204544,18.64710641003829,477.126535529757
4.218514219002298,18.469184440740932,477.3123013402566
4.210759573550486,18.292945837842556,477.49629458860676
4.203092980119989,18.118374972963828,477.678532046916
4.195513311925531,17.945456356621794,477.85903033145246
4.188019459350041,17.774174636369896,478.0378059042799
4.180610329318831,17.604514596210862,478.2148750744701
4.173284845011925,17.43646115552246,478.3902539994654
4.166041945582935,17.269999367987044,478.5639586864298
4.158880585884393,17.105114420525023,478.73600499359037
4.1517997361995045,16.94179163223206,478.90640863156824
4.144798381980289,16.78001645332007,479.07518516469946
4.137875523592067,16.619774464061866,479.24235001234587
4.131030176049175,16.46105137376208,479.40791845018856
4.124261368401096,16.30383302026505,479.57190561133365
4.117568143900135,16.148105368304126,479.73432648779556
4.110949559804831,15.993854508409777,479.8951959317852
4.104404687024365,15.841066656068675,480.05452865690677
4.097932609888431,15.689728150707298,480.21233923940406
4.091532425922182,15.539825454680402,480.36864211939724
4.085203245626222,15.391345152264275,480.52345160210933
4.078944192261619,15.244273948654767,480.6767818590834
4.072754401639878,15.098598668970014,480.8286469293899
4.066633021917883,14.954306257257812,480.9790607208241
4.060579213348525,14.811383775572931,481.12803701107833
4.054592147810221,14.669818403359013,481.27558944883054
4.048671009052303,14.529597435891025,481.42173155505645
4.042814992386861,14.390708283463452,481.5664767241495
4.037023304455072,14.253138470490327,481.7098382250544
4.03129516304166,14.116875634552052,481.85182920240607
4.025629796893298,13.981907525447513,481.992462677659
4.02002644554093,13.848222004251483,482.1317515502074
4.014484359125973,13.715807042377243,482.2697085984966
4.0090027982303775,13.584650720644365,482.40634648112507
4.003581033710518,13.454741228351585,482.5416777379377
3.998218346455737,13.326066862485627,482.67571479105845
3.9929140271201975,13.198616026985396,482.8084699458942
3.9876673762575403,13.072377231351211,482.939955392391
3.9824777040377946,12.947339089955891,483.0701832060061
3.977344330085648,12.823490321166119,483.199165348748
3.972266583330058,12.700819746455908,483.32691367021386
3.9672438018569585,12.57931628952571,483.45343990861716
3.962275332765043,12.458968975427128,483.5787556918076
3.9573605320245973,12.339766929693177,483.702872538282
3.9524987643393525,12.22169937747404,483.8258018581864
3.947689403011358,12.104755642678281,483.94755495431014
3.9429318297004263,11.988925147257603,484.0681430230417
3.9382254343297385,11.874197410314475,484.18757715535554
3.933569615090254,11.760562047092826,484.30586833781666
3.928963778229839,11.648008768252147,484.42302745351776
3.9244073379281312,11.536527379041171,484.5390652830305
3.919899716173883,11.42610777847722,484.65399250534864
3.9154403426447533,11.31673995853118,484.7678196988238
3.911028654589514,11.208414003318028,484.88055734209223
3.906664096712664,11.101120088292912,484.9922158149942
3.9023461210614214,10.99484847945267,485.10280539948565
3.8980741869110807,10.889589532548978,485.2123362805397
3.8938477605504054,10.78533369246492,485.32081854698447
3.8896663152894577,10.682071492256796,485.42826219245353
3.885529331368347,10.579793552357856,485.5346771162736
3.881436295817242,10.478490579866087,485.6400731243165
3.8773867023538333,10.37815336778283,485.7444599298631
3.8733800512827523,10.278772794256959,485.8478471544601
3.869415849396938,10.18033982183461,485.95024432876824
3.865493609880923,10.082845496714384,486.0516608934045
3.861612852216025,9.98628094800799,486.1521061997758
3.8577731020874384,9.890637387006288,486.25158951090606
3.8539738912714863,9.795906106479652,486.3501200022486
3.8502147574275036,9.702078480113464,486.44770676245884
3.8464952442200215,9.609145961510285,486.5443587942695
3.8428149011725794,9.517100083558006,486.6400850152692
3.8391732835606036,9.425932457753435,486.73489425868576
3.835569952327824,9.335634773501958,486.82879527417
3.832004474004389,9.246198797422384,486.921796728573
3.828476420626679,9.157616372656902,487.0139072067162
3.8249853696588123,9.069879418186103,487.1051352121549
3.8215309039158387,8.982979928149001,487.19548916793497
3.8181126114886204,8.89690997116799,487.28497741734316
3.814730085670403,8.811661689678676,487.3736082246507
3.81138292488508,8.727227299264511,487.4613897758502
3.8080707326171495,8.643599087996177,487.5483301793864
3.8047931173394676,8.560769415780946,487.6344374668794
3.8015496920363807,8.47873071426994,487.71971959369347
3.79834007451745,8.397475485695715,487.8041844397866
3.7951638875619524,8.316996301947086,487.88783981049073
3.7920207586333703,8.237285804236224,487.9706934371302
3.7889103198134833,8.158336702473425,488.0527529777129
3.7858322077377444,8.08014177464674,488.13402601761527
3.7827860635319412,8.002693866206451,488.21452007026136
3.7797715327501367,7.925985889454289,488.29424257779533
3.776788265313886,7.850010822937387,488.3732009117485
3.773835915452731,7.774761710846889,488.45140237370015
3.770914141645976,7.700231662421154,488.52885419593264
3.7680226065657356,7.626413851353515,488.6055635420805
3.765160977021269,7.55330151520452,488.68153750777395
3.7623289239045996,7.480887954818616,488.75678312127656
3.759526122000517,7.409166533926347,488.8313073440729
3.7567522497722874,7.33813067878476,488.90511707144276
3.754006989833536,7.267773876915676,488.9782191332506
3.751290028653971,7.198089676863812,489.05062029448203
3.748601056491769,7.129071687660813,489.1223272558472
3.745939767342151,7.060713578273659,489.19334665438396
3.7433058588869383,6.993009077057538,489.2636850640553
3.740699032445075,6.925951971213151,489.33334899634156
3.7381189929241154,6.8595361062483935,489.4023449008273
3.735565448772686,6.793755385444363,489.47067916578277
3.733038111933903,6.728603769325648,489.53835811874023
3.730536697799766,6.66407527513486,489.60538802706515
3.7280609251665076,6.600163976311329,489.67177509852195
3.725610516190924,6.536864001973945,489.73752548183495
3.723185196323553,6.474169536439509,489.80264526723676
3.720784694012156,6.412074819045811,489.8671404869418
3.718408741039784,6.3505741431527465,489.93101711580726
3.7160570724228044,6.2896618557222475,489.99428107185474
3.7137294263043743,6.229332356909317,490.0569382167861
3.7114255439131,6.169580099573206,490.1189943565135
3.709145169522424,6.110399588792706,490.1804552416847
3.7068880504107455,6.0517853813855185,490.24132656820353
3.704653936822257,5.993732085431661,490.3016139777459
3.702442581928512,5.9362343598008795,490.3613230582704
3.700253741790702,5.879286913684,490.4204593445251
3.6980871753226623,5.822884506128215,490.4790283185489
3.6959426442545875,5.767021945576231,490.537035410169
3.6938199130974687,5.711694089409252,490.59448599749305
3.6917187491082473,5.656895843493757,490.6513854073978
3.689638922137709,5.602622161881531,490.70773891598054
3.6875802046562254,5.548868046288949,490.7635517490546
3.685542371860585,5.495628545478051,490.8188290826612
3.6835252015435036,5.44289875494293,490.87357604351337
3.68152847406024,5.390673816477545,490.927797709462
3.6795519722957812,5.338948917747289,490.98149910995676
3.6775954816325847,5.2877192918642555,491.034685226503
3.6756587899188844,5.236980216966191,491.0873609931147
3.6737416874375515,5.186727015799081,491.13953129676315
3.6718439668755085,5.136955055303351,491.1912009778209
3.6699654232936987,5.087659746203635,491.24237483050246
3.6681058540976057,5.038836542602083,491.2930576033001
3.6662650590083263,4.990480941575173,491.3432539994163
3.6644428400341935,4.942588482773968,491.3929686771916
3.662639001410056,4.895154748055534,491.44220625053424
3.660853349483566,4.848175361162678,491.4909712893536
3.659085692881944,4.8016459871717565,491.53926831994613
3.6573358424099314,4.75556233217022,491.58710182541967
3.6556036110116206,4.709920142884311,491.6344762461039
3.653888813743725,4.664715206300762,491.6813959799553
3.652191267749281,4.619943349291915,491.7278653829586
3.650510792231783,4.57560043824403,491.773888769524
3.6488472084297445,4.531682378688975,491.81947041288106
3.647200339591687,4.488185114939027,491.86461454546907
3.6455700109515528,4.445104629724979,491.90932535932325
3.6439560497045385,4.402436943837328,491.95360700645796
3.642358284983358,4.360178115770684,491.99746359924575
3.6407765478349154,4.318324241371193,492.04089921079367
3.639210671194053,4.276871453491344,492.08391787531446
3.637660489782315,4.235815921742193,492.1265235884753
3.6361258401837397,4.195153852027405,492.1687203077887
3.6346065608270632,4.154881486197967,492.2105119529748
3.6331024919357477,4.114995101750805,492.25190240631326
3.631613475506093,4.075491011495562,492.2928955129982
3.630139355285688,4.036365563224462,492.3334950814897
3.6286799767521996,3.9976151393850397,492.3737048838626
3.627235187092494,3.9592361567559133,492.4135286561514
3.625804835182097,3.9212250661253725,492.4529700986924
3.6243887715649783,3.883578351972945,492.4920328764619
3.622986848433672,3.846292532153736,492.5307206194124
3.621598919609725,3.809364157585689,492.5690369228044
3.620224840524471,3.77278981193957,492.6069853475358
3.618864468200135,3.7365661113318196,492.64456942046786
3.617517661198601,3.7006897040374223,492.68179263476384
3.616184279598774,3.665157270190584,492.7186584502105
3.6148641850507572,3.6299655214473976,492.7551702935017
3.6135572407174568,3.595111200711243,492.7913315585712
3.6122633112559437,3.560591081839811,492.8271456069041
3.6109822627996873,3.526401969354553,492.8626157678456
3.609713962941055,3.4925406981526845,492.89774533890613
3.608458280714075,3.459004133221883,492.9325375860639
3.607215086577458,3.4257891693574978,492.9669957440649
3.605984252397886,3.3928927308823997,493.0011230167196
3.604765651433553,3.3603117713693034,493.034922577197
3.6035591583179696,3.328043273365674,493.0683975683162
3.602364649044021,3.2960842481210895,493.1015511028348
3.6011820009482816,3.26443173531707,493.1343862637345
3.600011092684261,3.233082802799159,493.16690610451644
3.598851804189114,3.202034546357505,493.19911364945324
3.5977040167034486,3.171284089383637,493.2310118939128
3.5965676127604818,3.1408285826518325,493.26260380458757
3.5954424761576136,3.110665204056902,493.29389231978536
3.59432849194173,3.080791158358775,493.32488034969936
3.5932255463947125,3.0512036769294855,493.3555707766757
3.592133527019153,3.021900017502412,493.3859664554783
3.591052322524268,2.992877463923877,493.41607021355173
3.589981822812021,2.964133325906961,493.4458848512809
3.5889219189634423,2.935664938787638,493.4754131422488
3.5878725032251544,2.9074696632830896,493.50465783349165
3.5868334689961014,2.8795448852522987,493.53362164575145
3.5858047108144744,2.8518880154587865,493.5623072737266
3.5847861243443764,2.824496489335747,493.5907173863198
3.5837776063257762,2.7973677667659542,493.61885462690816
3.5827790546011062,2.7704993318376387,493.64672161356117
3.581790368118732,2.7438886926104384,493.67432093927073
3.5808114469010026,2.717533380895734,493.7016551722032
3.579842192032124,2.691430952032272,493.7287268559355
3.5788825056462223,2.665578984663926,493.75553850968976
3.5779322909155895,2.639975080519443,493.7820926285649
3.5769914520391164,2.614616864194287,493.8083916837665
3.576059894230911,2.589501982934436,493.83443812283457
3.5751375237090985,2.5646281064222287,493.8602343698686
3.5742242476848065,2.539992926564134,493.885782825751
3.573319974351334,2.515594157280529,493.91108586836805
3.5724246128735007,2.491429534297362,493.93614585282904
3.5715380733771793,2.4674968149397842,493.9609651116829
3.570660266939009,2.4437937779276298,493.98554595513326
3.569791105576289,2.4203182231728277,494.0098906712508
3.56893050216347,2.397067971597004,494.0340015262394
3.5680783704549137,2.3740408649244804,494.0578807646205
3.567234625180044,2.351234765458982,494.08153060936087
3.566399181962948,2.3286475559061257,494.10495326213083
3.5655719573123896,2.306277139180082,494.12815090350745
3.564752868612081,2.2841214382120354,494.1511256931758
3.563941834111081,2.2621783957603516,494.17387977012845
3.5631387729143467,2.24044597422253,494.196415252863
3.5623436049734125,2.218922155448821,494.21873423957766
3.5615562510772154,2.197604940557591,494.2408388083651
3.5607766328430484,2.176492349752321,494.2627310174045
3.560004672707654,2.1555824221403075,494.28441290515195
3.559240293918449,2.134873215552961,494.3058864905285
3.558483420524876,2.114362806367773,494.3271537731072
3.557733977369895,2.0940492893318368,494.34821673329816
3.556991890081594,2.0739307773870035,494.36907733253133
3.556257085028144,2.054005401539085,494.3897375134327
3.555529489288268,2.0342713107108663,494.41019920000076
3.554809030757299,2.0147266714399628,494.43046429780264
3.554095638080157,1.9953696677785036,494.45053469414125
3.553389240640895,1.976198501128983,494.47041225823006
3.5526897685545427,1.9572113900791186,494.49009884136626
3.5519971526590433,1.9384065702381421,494.50959627710273
3.5513113245072803,1.9197822940746012,494.52890638141804
3.550632216359193,1.9013368307555596,494.54803095288514
3.5499597611739837,1.8830684659872705,494.56697177283866
3.5492938926024022,1.8649755018572123,494.5857306055403
3.548634544979122,1.8470562566775603,494.60430919834323
3.5479816533151918,1.8293090648299866,494.6227092818547
3.5473351532905686,1.811732276611855,494.6409325700975
3.5466949812467297,1.7943242580837133,494.65898076066946
3.5460610741793555,1.7770833909181396,494.6768555349024
3.5454333697345652,1.7600080723140399,494.69455855795127
3.5448118062098932,1.7430967149986016,494.71209147879136
3.544196322527087,1.7263477467085373,494.7294559307643
3.5435868582332875,1.7097596101957513,494.74665353157087
3.5429833534952277,1.6933307631040364,494.7636858834006
3.5423857490924098,1.6770596778268867,494.78055457308056
3.5417939864103443,1.6609448413665377,494.797261172223
3.541208007433852,1.6449847551942869,494.81380723737175
3.5406277547404317,1.6291779351120095,494.8301943101474
3.540053171493685,1.6135229111149219,494.8464239173913
3.5394842014367978,1.598018227255506,494.8624975713076
3.538920788886082,1.5826624415086485,494.87841676960517
3.538362878724566,1.5674541256379086,494.89418299563744
3.5378104163956428,1.5523918650629658,494.90979771854126
3.5372633478967654,1.5374742587281638,494.92526239337496
3.5367216197731906,1.5226999189722028,494.9405784612545
3.5361851791201424,1.5080674714403879,494.9557473494394
3.535653973626342,1.4935755552028285,494.97077047117074
3.5351279514779455,1.4792228221814951,494.98564922634046
3.5346070613778005,1.4650079371498226,495.0003850014723
3.5340912525499513,1.4509295776599278,495.01497916979
3.5335804747339807,1.4369864339203695,495.0294330913456
3.5330746781794122,1.4231772086749601,495.04374811314557
3.5325738136401608,1.409500617082682,495.0579255692771
3.532077832369034,1.3959553865986274,495.07196678103224
3.531586686112282,1.3825402568560103,495.0858730570316
3.531100327104195,1.369253979549176,495.09964569334653
3.5306187080617475,1.3560953183176525,495.1132859736205
3.5301417821792827,1.3430630486311692,495.12679516918945
3.5296695031232446,1.33015595767569,495.140174539201
3.5292018250269486,1.3173728442403845,495.1534253307326
3.528738702485391,1.304712518605582,495.1665487789089
3.528280090552893,1.2921738024472496,495.1795461069998
3.527825944782362,1.2797555289749896,495.1924185262426
3.527376221156853,1.2674565424683946,495.2051672363747
3.5269308760894997,1.2552756981965179,495.2177934257139
3.5264898664329687,1.2432118623912418,495.2302982711757
3.5260531494747642,1.231263912142251,495.2426829383829
3.5256206829325762,1.2194307352929115,495.25494858177444
3.525192424949672,1.2077112303370974,495.26709634471314
3.524768334090329,1.1961043063169,495.2791273595927
3.52434836933531,1.184608882721257,495.2910427479433
3.5239324900773754,1.1732238893854412,495.3028436205371
3.5235206561168337,1.1619482663914409,495.31453107749167
3.523112827657131,1.1507809639691748,495.32610620837363
3.5227089653004766,1.1397209423985775,495.33757009230084
3.5223090300435,1.1287671719124883,495.3489237980439
3.5219129832729448,1.1179186326003874,495.3601683841266
3.5215207867617995,1.1071743143156088,495.3713048989225
3.5211324026960305,1.0965332167877269,495.38233438051617
3.520747793637778,1.085994349310807,495.3932578570513
3.520366922508461,1.0755567305653404,495.4040763469261
3.5199897526009636,1.0652193886350858,495.41479085876387
3.519616247575723,1.0549813609168854,495.4254023915073
3.519246371456848,1.0448416940312604,495.4359119345118
3.518880088628278,1.0347994437338217,495.4463204676378
3.518517363829977,1.0248536748274408,495.4566289613425
3.518158162154159,1.0150034610752112,495.46683837677057
3.5178024490415476,1.0052478851141489,495.4769496658442
3.5174501902776667,0.9955860383696629,495.4869637713526
3.5171013519891665,0.9860170209707402,495.49688162704
3.5167559006401725,0.9765399416658793,495.50670415769383
3.5164138030286725,0.9671539177397184,495.51643227923154
3.5160750262829255,0.9578580749303869,495.5260668987866
3.5157395378579004,0.9486515473475313,495.53560891479447
3.5154073055495667,0.9395334775279653,495.54505921692237
3.515078297483284,0.930503016292822,495.5544186862238
3.5147524820853384,0.9215593224756915,495.5636881954389
3.51442982809652,0.9127015629741926,495.5728686089292
3.514110304568868,0.9039289126727146,495.5819607827583
3.513793880862426,0.8952405543656657,495.5909655647718
3.513480526642026,0.8866356786814218,495.59988379467643
3.513170211874103,0.8781134840069263,495.60871630411884
3.5128629068235377,0.8696731764129723,495.61746391676337
3.512558582050525,0.8613139695801154,495.62612744836923
3.512257208407473,0.853035084725251,495.6347077068672
3.511958757035924,0.8448357505288026,495.6432054924352
3.511663199363506,0.8367152030625543,495.65162159757386
3.511370507100905,0.8286726857180781,495.6599568071809
3.5110806522388627,0.8207074491357826,495.66821189862526
3.5107936070452004,0.8128187511345402,495.67638764182016
3.5105093440710795,0.8050058567238257,495.684484799205
3.5102278361532426,0.7972680380804658,495.69250412576616
3.5099490563828186,0.7896045742287174,495.7004463693884
3.509672978117148,0.782014751102936,495.7083122707798
3.5093995749775675,0.7744978614858735,495.7161025635365
3.509128820846685,0.7670532049428122,495.7238179742104
3.5088606898656813,0.7596800877562985,495.7314592223779
3.508595156431636,0.7523778228614374,495.7390270207068
3.508332195194877,0.7451457297817722,495.7465220750232
3.508071781056351,0.7379831345657069,495.75394508437785
3.5078138891650226,0.7308893697234977,495.7612967411114
3.5075584949152896,0.7238637741647717,495.76857773091984
3.507305573944423,0.7169056931365958,495.7757887329189
3.5070551021300282,0.7100144781620585,495.78293041970784
3.5068070555875246,0.703189486979385,495.790003457433
3.506561410667649,0.6964300834815469,495.7970085058507
3.506318143958366,0.6897356377007817,495.8039462183408
3.5060772322925438,0.6831055258516254,495.8108172418558
3.5058386527203402,0.6765391300176196,495.81762221726194
3.5056023825171034,0.6700358381972582,495.82436177928554
3.505368399182411,0.663595044260641,495.83103655655685
3.505136680437777,0.6572161478929639,495.8376471716692
3.5049072042243807,0.6508985545385274,495.844194241237
3.5046799487008142,0.6446416753452259,495.85067837595386
3.504454892240853,0.6384449271095386,495.8571001806495
3.504232013431245,0.6323077322219935,495.8634602543467
3.504011291069517,0.626229518613104,495.8697591903173
3.503792704161802,0.6202097196997823,495.87599757613833
3.5035762319206865,0.6142477743321993,495.882175993747
3.5033618537630695,0.6083431267411107,495.88829501949573
3.5031495493080484,0.6024952264856147,495.89435522420627
3.502939298374811,0.5967035284013624,495.90035717322377
3.502731080982375,0.5909674925697298,495.90630142644784
3.5025248773581708,0.5852865843871032,495.91218853825467
3.5023206679166274,0.5796602742958948,495.9180190577874
3.5021184332626345,0.5740880377965106,495.9237935289408
3.5019181541917628,0.5685693554229622,495.9295124903852
3.5017198116883312,0.5631037126944065,495.9351764756172
3.5015233869234894,0.5576906000671058,495.9407860130093
3.501328861253319,0.5523295128868241,495.94634162585976
3.5011362162169504,0.5470199513416321,495.95184383244134
3.5009454335346972,0.5417614204151356,495.95729314605006
3.5007564951062093,0.5365534298401008,495.9626900750536
3.5005693830086355,0.5313954940524902,495.9680351229388
3.5003840794948085,0.5262871321458826,495.97332878835925
3.5002005669914418,0.5212278678262934,495.97857156518216
3.50001882809734,0.5162172293673646,495.98376394253523
3.499838845581628,0.511254749565943,495.98890640485234
3.4996606023825723,0.5063399657053275,495.993999431912
3.499484081614932,0.5014724196257065,495.99904349875925
3.499309266555189,0.4966516575172355,496.0040390759275
3.4991361406409114,0.4918772298906316,496.0089866294683
3.498964687471991,0.48714869157146423,496.01388662095644
3.498794890809008,0.48246560165859703,496.0187395075323
3.49862673457161,0.4778275234829894,496.02354574194527
3.4984602028369056,0.4732340245668746,496.0283057725961
3.498295279837875,0.4686846765832866,496.03302004357874
3.49813194996179,0.46417905531595294,496.03768899472215
3.4979701977486544,0.45971674061952544,496.0423130616317
3.4978100078896497,0.45529731638016663,496.0468926757301
3.497651365225601,0.4509203704764639,496.05142826429784
3.4974942547454533,0.4465854947406874,496.05592025051374
3.4973386615847577,0.4422922849203666,496.06036905349475
3.4971845710241753,0.4380403406401992,496.0647750883355
3.497031968488079,0.43382926536550176,496.0691387661463
3.496880839549713,0.4296586664559591,496.0734604939942
3.496731169922703,0.4255281550318713,496.07774067504533
3.496582945456953,0.42143734590084236,496.0819797086421
3.4964361521406726,0.41738585756893276,496.0861779902903
3.496290776098993,0.4133733122050249,496.0903359116959
3.4961468035925964,0.409399335605497,496.0944538608018
3.4960042210163516,0.4054635571592204,496.0985322218243
3.49586301489797,0.4015656098128558,496.1025713752891
3.495723171896668,0.39770513003646396,496.1065716980668
3.4955846788018423,0.3938817577894068,496.11053356340864
3.495447522531759,0.39009513648655264,496.1144573409816
3.4953116901322496,0.38634491296476375,496.1183433969029
3.4951771687754216,0.38263073744967874,496.1221920937748
3.495043945758379,0.3789522635227678,496.12600379071876
3.4949120085019523,0.37530914808867366,496.12977884340927
3.4947813445494402,0.37170105134281717,496.1335176041076
3.494651941569399,0.3681276367997086,496.1372204216308
3.4945237873525183,0.36458857123285787,496.1408876414145
3.494396869804814,0.3610835245597692,496.1445196056353
3.4942711769502326,0.35761216986780264,496.14811665318183
3.4941466969294823,0.35417418338368395,496.1516791196867
3.494023417998865,0.35076924444321866,496.1552073375578
3.4939013285291267,0.34739703546128253,496.1587016360095
3.4937804170043107,0.34405724190206943,496.1621623410935
3.493660672020626,0.34074955224960846,496.16558977572964
3.4935420822853227,0.3374736579785308,496.168984259736
3.4934246366155794,0.3342292535250972,496.1723461098592
3.493308323937399,0.3310160362584682,496.175675639804
3.493193133284513,0.3278337064522268,496.1789731602631
3.493079053797297,0.32468196725613574,496.18223897894643
3.4929660747216933,0.32156052466814006,496.18547340061
3.4928541854081425,0.3184690875065958,496.1886767270851
3.4927433753130823,0.3154073674239411,496.19184925726285
3.49263363399915,0.3123750788996769,496.19499128710106
3.4925249511263665,0.3093719390878431,496.1981031097857
3.4924173164552217,0.3063976678566362,496.201185015688
3.492310719845818,0.30345198776448246,496.20423729238956
3.4922051512568766,0.30053462403400405,496.207260224709
3.492100600744752,0.29764530452621707,496.2102540947289
3.4919970584624562,0.29478375971494525,496.21321918182247
3.4918945146586897,0.2919497226614584,496.2161557626797
3.491792959676882,0.2891429289893196,496.21906411133364
3.4916923839542404,0.28636311685944976,496.2219444991862
3.4915927780208023,0.2836100269453942,496.22479719503366
3.491494132498502,0.2808834024087997,496.22762246509257
3.491396438100238,0.27818298887508597,496.23042057302456
3.4912996856289533,0.275508534409321,496.2331917799616
3.4912038659767193,0.27285978949228373,496.23593634453084
3.4911089701238267,0.27023650699672336,496.2386545228793
3.4910149891378848,0.267638442163799,496.2413465686982
3.4909219141778225,0.2650653526626166,496.2440127331594
3.4908297364922314,0.2625169985539788,496.24665326495364
3.4907384474088325,0.2599931421040443,496.249268410487
3.4906480383395277,0.2574935478617949,496.2518584137985
3.4905585007796223,0.25501798263793163,496.2544235165823
3.490469826306996,0.2525662154830209,496.25696395820984
3.4903820065812896,0.2501380176658392,496.2594799757527
3.4902950333430884,0.24773316265190162,496.2619718040049
3.490208898413122,0.24535142608218155,496.26443967550455
3.4901235936914645,0.24299258575200916,496.26688382055636
3.4900391111567446,0.24065642159015554,496.26930446725294
3.4899554428653627,0.23834271563808923,496.2717018414964
3.489872580950713,0.236051252029413,496.2740761670197
3.489790517622411,0.23378181696946684,496.27642766540794
3.489709245165532,0.2315341987151058,496.2787565561192
3.4896287559398487,0.22930818755463808,496.28106305650533
3.4895490423790823,0.2271035757879319,496.2833473818328
3.489470096990152,0.22492015770667728,496.285609745303
3.489391912356115,0.22275772964217583,496.2878503580015
3.4893144811330377,0.22061608990217588,496.2900694289646
3.4892377960451264,0.2184950386756462,496.29226716527904
3.4891618498871364,0.21639437807111161,496.2944437720416
3.4890866355236736,0.21431391209809203,496.296599452378
3.4890121458885064,0.212253446648699,496.2987344074626
3.488938373983879,0.21021278947939653,496.30084883653655
3.488865312879833,0.20819175019291467,496.3029429369271
3.488792955713534,0.20619014022032198,496.30501690406595
3.488721295688606,0.20420777280324612,496.30707093150795
3.488650326074466,0.2022444629762483,496.3091052109491
3.488580040205671,0.2003000275493406,496.31111993224476
3.4885104314812656,0.1983742850906525,496.31311528342786
3.4884414933641343,0.19646705590923502,496.3150914507264
3.488373219380364,0.19457816203800912,496.31704861858145
3.4883056031186057,0.19270742721684683,496.31898696966437
3.488238638229445,0.19085467687579155,496.32090668489457
3.4881723184248066,0.18901973811901995,496.322807943456
3.488106637481542,0.18720243978938098,496.3246909227289
3.4880415892366208,0.185402612371243,496.32655579839195
3.4879771675842326,0.18362008793026868,496.32840274448535
3.4879133664776933,0.18185470014561733,496.3302319333765
3.4878501799288593,0.18010628429434777,496.3320435357766
3.487787602007555,0.1783746772359543,496.3338377207563
3.4877256268409966,0.17665971739704134,496.3356146557618
3.4876642486132297,0.1749612447561275,496.33737450663045
3.4876034615645652,0.1732791008285841,496.33911743760666
3.487543259991023,0.17161312865169867,496.3408436113571
3.4874836382437797,0.16996317276986891,496.3425531889862
3.4874245907286214,0.1683290792199176,496.3442463300513
3.4873661119053985,0.16671069551653367,496.3459231925779
3.48730819628749,0.16510787063782983,496.34758393307453
3.487250838441267,0.1635204550110226,496.34922870654754
3.4871940329855633,0.16194830049822462,496.35085766651605
3.487137774591149,0.16039126038235485,496.3524709650263
3.4870820579803063,0.15884918935514292,496.3540687526644
3.4870268779297144,0.15732194357329354,496.3556511784968
